jacobeancrewelwo00pene,"2020-12-22 15:42:31","2020-12-22 22:00:03"
drarne00gill,"2020-12-22 15:46:28","2020-12-22 22:00:03"
Sinasapawocekiy5Sup,"2020-12-22 15:46:40","2020-12-22 22:00:04"
timbresdemoldavi00legr,"2020-12-22 15:48:10","2020-12-22 22:00:05"
lestimbresdenata00walk,"2020-12-22 15:48:19","2020-12-22 22:00:06"
Changechallenge00Nati,"2020-12-28 10:00:34","2020-12-28 11:50:41"
SynopsiscruiseU00Wilk,"2020-12-28 10:00:41","2020-12-28 11:50:41"
AdrianiMetiiDeg00Meti,"2020-12-28 10:00:47","2020-12-28 11:50:43"
harrimanalaskase08harr,"2020-12-28 10:00:53","2020-12-28 11:50:43"
harrimanalaskase09harr,"2020-12-28 10:01:00","2020-12-28 11:50:44"
growthindustria00Unit,"2020-12-28 10:00:22","2020-12-28 13:00:16"
proceedingsofuni71884unit,"2020-12-28 10:01:24","2020-12-28 13:00:22"
proceedingsofuni141891unit,"2020-12-28 11:00:19","2020-12-28 14:00:06"
proceedingsofuni311907unit,"2020-12-28 11:01:05","2020-12-28 14:00:10"
proceedingsofuni21879unit,"2020-12-28 10:01:09","2020-12-28 14:00:14"
proceedingsofuni101887unit,"2020-12-28 10:01:30","2020-12-28 14:00:15"
proceedingsofuni181895unit,"2020-12-28 11:00:24","2020-12-28 15:00:05"
proceedingsofuni421912unit,"2020-12-28 11:01:23","2020-12-28 15:00:12"
proceedingsofuni431913unit,"2020-12-28 11:01:31","2020-12-28 15:00:13"
proceedingsofuni51882unit,"2020-12-28 10:01:16","2020-12-28 15:00:14"
proceedingsofuni191897unit,"2020-12-28 11:00:35","2020-12-28 16:00:03"
proceedingsofuni351909unit,"2020-12-28 11:01:12","2020-12-28 16:00:08"
proceedingsofuni231901unit,"2020-12-28 11:00:42","2020-12-28 17:00:06"
proceedingsofuni251903unit,"2020-12-28 11:00:53","2020-12-28 17:00:09"
proceedingsofuni261903unit,"2020-12-28 11:00:58","2020-12-28 17:00:10"
proceedingsofuni451913unit,"2020-12-28 14:00:23","2020-12-28 17:00:11"
proceedingsofuni521917unit,"2020-12-28 15:00:44","2020-12-28 18:00:09"
proceedingsofuni471915unit,"2020-12-28 15:00:23","2020-12-28 19:00:05"
proceedingsofuni461914unit,"2020-12-28 16:00:32","2020-12-28 19:00:09"
proceedingsofuni501916united,"2020-12-28 15:00:28","2020-12-28 20:00:04"
proceedingsofuni511916unit,"2020-12-28 15:00:34","2020-12-28 20:00:05"
proceedingsofuni611922unit,"2020-12-28 17:00:53","2020-12-28 20:00:08"
proceedingsofuni531917united,"2020-12-28 16:00:22","2020-12-28 21:00:03"
proceedingsofuni561920unit,"2020-12-28 17:00:27","2020-12-28 21:00:04"
proceedingsofuni571921unit,"2020-12-28 17:00:36","2020-12-28 21:00:04"
proceedingsofuni581921unit,"2020-12-28 17:00:44","2020-12-28 21:00:05"
proceedingsofuni631924unit,"2020-12-28 18:00:24","2020-12-28 22:00:03"
proceedingsofuni651925unit,"2020-12-28 19:00:32","2020-12-28 22:00:05"
bulletinunitedst231885unit,"2020-12-28 20:00:24","2020-12-28 22:00:08"
proceedingsofuni641925unit,"2020-12-28 19:00:23","2020-12-28 23:00:05"
proceedingsofuni681927unit,"2020-12-28 20:00:18","2020-12-28 23:00:06"
proceedingsofuni111888unit,"2020-12-28 20:00:36","2020-12-28 23:00:07"
proceedingsofuni751929unit,"2020-12-28 21:00:36","2020-12-29 00:00:05"
proceedingsofuni661926unit,"2020-12-28 21:00:45","2020-12-29 00:00:06"
proceedingsofuni711928unit,"2020-12-28 21:00:19","2020-12-29 01:00:03"
proceedingsofuni741929unit,"2020-12-28 21:00:30","2020-12-29 01:00:04"
proceedingsofuni791932unit,"2020-12-28 22:00:28","2020-12-29 01:00:06"
proceedingsofuni781931unit,"2020-12-28 22:00:20","2020-12-29 02:00:03"
proceedingsofuni801932unit,"2020-12-28 22:00:37","2020-12-29 02:00:05"
proceedingsofuni821934unit,"2020-12-28 23:00:21","2020-12-29 02:00:06"
proceedingsofuni831937unit,"2020-12-28 23:00:29","2020-12-29 02:00:07"
proceedingsofuni841938unit,"2020-12-28 23:00:36","2020-12-29 02:00:07"
proceedingsofuni851940unit,"2020-12-29 00:00:23","2020-12-29 03:00:02"
proceedingsofuni881942unit,"2020-12-29 00:00:32","2020-12-29 04:00:06"
proceedingsofuni901942unit,"2020-12-29 01:00:33","2020-12-29 04:00:07"
proceedingsofuni891942unit,"2020-12-29 01:00:21","2020-12-29 05:00:05"
proceedingsofuni931944unit,"2020-12-29 01:00:41","2020-12-29 05:00:05"
proceedingsofuni951948unit,"2020-12-29 02:00:30","2020-12-29 07:00:06"
proceedingsofuni1061959unit,"2020-12-29 02:00:50","2020-12-29 07:00:10"
proceedingsofuni941944unit,"2020-12-29 02:00:20","2020-12-29 08:00:03"
proceedingsofuni991952unit,"2020-12-29 02:00:36","2020-12-29 08:00:03"
proceedingsofuni1011954unit,"2020-12-29 02:00:43","2020-12-29 08:00:05"
proceedingsofuni1091960unit,"2020-12-29 03:00:20","2020-12-29 10:00:03"
proceedingsofuni1121962unit,"2020-12-29 04:00:32","2020-12-29 11:00:04"
proceedingsofuni1161966unit,"2020-12-29 05:00:27","2020-12-29 11:00:07"
proceedingsofuni1141964unit,"2020-12-29 05:00:19","2020-12-29 12:00:05"
proceedingsofuni1171966unit,"2020-12-29 07:00:23","2020-12-29 13:00:03"
proceedingsofuni1181967unit,"2020-12-29 07:00:41","2020-12-29 13:00:04"
proceedingsofuni1211967unit,"2020-12-29 08:00:24","2020-12-29 14:00:05"
proceedingsofuni271904unit,"2020-12-29 08:00:18","2020-12-29 15:00:03"
proceedingsofuni1221967unit,"2020-12-29 08:00:40","2020-12-29 15:00:05"
proceedingsofuni1231967unit,"2020-12-29 10:00:29","2020-12-29 15:00:06"
proceedingsofuni1241968unit,"2020-12-29 11:00:16","2020-12-29 15:00:07"
proceedingsofuni381911unit,"2020-12-29 11:00:25","2020-12-29 16:00:03"
proceedingsofuni551920united,"2020-12-29 12:00:22","2020-12-29 17:00:04"
proceedingsofuni601922unit,"2020-12-29 13:00:35","2020-12-29 17:00:05"
proceedingsofuni811933unit,"2020-12-29 13:00:49","2020-12-29 17:00:07"
proceedingsofuni861940unit,"2020-12-29 14:00:23","2020-12-29 18:00:03"
proceedingsofuni91886unit,"2020-12-29 15:00:38","2020-12-29 18:00:04"
proceedingsofuni1081960unit,"2020-12-29 15:00:49","2020-12-29 18:00:05"
bulletinunitedst171880unit,"2020-12-29 17:00:34","2020-12-29 18:00:07"
bulletinunitedst221881unit,"2020-12-29 17:00:45","2020-12-29 18:00:08"
proceedingsofuni911943unit,"2020-12-29 15:00:22","2020-12-29 19:00:04"
proceedingsofuni1191967unit,"2020-12-29 15:00:29","2020-12-29 19:00:05"
bulletinunitedst111518771879unit,"2020-12-29 16:00:23","2020-12-29 20:00:04"
bulletinunitedst291885unit,"2020-12-29 18:00:53","2020-12-29 20:00:19"
bulletinunitedst311886unit,"2020-12-29 18:01:15","2020-12-29 20:00:20"
bulletinunitedst251884unit,"2020-12-29 18:00:29","2020-12-29 21:00:06"
bulletinunitedst301885unit,"2020-12-29 18:01:05","2020-12-29 21:00:12"
bulletinunitedst321887unit,"2020-12-29 19:00:25","2020-12-29 21:00:13"
bulletinunitedst351889unit,"2020-12-29 19:00:44","2020-12-29 21:00:14"
bulletinunitedst281885unit,"2020-12-29 18:00:43","2020-12-29 22:00:05"
bulletinunitedst361889unit,"2020-12-29 20:00:34","2020-12-29 23:00:08"
bulletinunitedst401892unit,"2020-12-29 20:00:43","2020-12-29 23:00:09"
bulletinunitedst421891unit,"2020-12-29 20:01:00","2020-12-30 00:00:05"
bulletinunitedst431893unit,"2020-12-29 21:00:37","2020-12-30 01:00:03"
bulletinunitedst441893unit,"2020-12-29 21:00:46","2020-12-30 02:00:04"
bulletinunitedst481895unit,"2020-12-29 22:00:32","2020-12-30 03:00:11"
bulletinunitedst4721898unit,"2020-12-29 21:01:05","2020-12-30 04:00:04"
bulletinunitedst4711896unit,"2020-12-29 21:00:57","2020-12-30 08:00:05"
bulletinunitedst491896unit,"2020-12-29 23:00:26","2020-12-30 08:00:05"
bulletinunitedst5011901unit,"2020-12-29 23:00:36","2020-12-30 09:00:07"
bulletinunitedst5031904unit,"2020-12-30 00:00:33","2020-12-30 12:00:04"
proceedingsofuni1111961unit,"2020-12-29 04:00:26","2020-12-30 14:00:04"
bulletinunitedst511902unit,"2021-01-04 12:38:24","2021-01-04 14:00:08"
bulletinunitedst5071916unit,"2021-01-04 12:37:54","2021-01-04 15:00:04"
bulletinunitedst521902unit,"2021-01-04 12:38:36","2021-01-04 15:00:08"
bulletinunitedst5321907unit,"2021-01-04 12:38:54","2021-01-04 15:00:12"
bulletinunitedst541905unit,"2021-01-04 13:00:22","2021-01-04 15:00:13"
bulletinunitedst5061914unit,"2021-01-04 12:37:40","2021-01-04 16:00:05"
bulletinunitedst5091019411946unit,"2021-01-04 12:38:08","2021-01-04 16:00:06"
bulletinunitedst50111950unit,"2021-01-04 12:38:16","2021-01-04 16:00:07"
bulletinunitedst5311905unit,"2021-01-04 12:38:46","2021-01-04 16:00:07"
bulletinunitedst681909unit,"2021-01-04 14:00:22","2021-01-04 16:00:08"
bulletinunitedst701909unit,"2021-01-04 15:00:25","2021-01-04 16:00:09"
bulletinunitedst611908unit,"2021-01-04 15:00:49","2021-01-04 16:00:13"
bulletinunitedst5051911unit,"2021-01-04 12:37:26","2021-01-04 17:00:02"
bulletinunitedst591907unit,"2021-01-04 15:00:41","2021-01-04 17:00:03"
bulletinunitedst641909unit,"2021-01-04 16:00:44","2021-01-04 17:00:05"
bulletinunitedst331889unit,"2021-01-04 16:01:01","2021-01-04 17:00:06"
bulletinunitedst381890unit,"2021-01-04 16:01:08","2021-01-04 17:00:06"
bulletinunitedst621909unit,"2021-01-04 16:00:24","2021-01-04 18:00:03"
bulletinunitedst631909unit,"2021-01-04 16:00:34","2021-01-04 18:00:04"
bulletinunitedst451893unit,"2021-01-04 16:01:18","2021-01-04 18:00:05"
bulletinunitedst601907unit,"2021-01-04 17:00:32","2021-01-04 18:00:06"
bulletinunitedst651909unit,"2021-01-04 17:00:41","2021-01-04 18:00:07"
bulletinunitedst581907unit,"2021-01-04 15:00:35","2021-01-04 19:00:03"
bulletinunitedst201883unit,"2021-01-04 16:00:51","2021-01-04 19:00:03"
bulletinunitedst5111906unit,"2021-01-04 18:00:20","2021-01-04 19:00:06"
bulletinunitedst211881unit,"2021-01-04 18:00:33","2021-01-04 19:00:07"
bulletinunitedst21611959unit,"2021-01-04 18:00:47","2021-01-04 20:00:05"
bulletinunitedst5021902unit,"2021-01-04 17:00:24","2021-01-04 21:00:03"
bulletinunitedst2111958unit,"2021-01-04 18:00:39","2021-01-04 21:00:05"
bulletinunitedst2201961unit,"2021-01-04 19:00:23","2021-01-04 21:00:06"
bulletinunitedst22421962unit,"2021-01-04 19:00:34","2021-01-04 21:00:07"
bulletinunitedst22711963unit,"2021-01-04 19:00:40","2021-01-04 21:00:07"
bulletinunitedst4731898unit,"2021-01-04 17:00:18","2021-01-04 22:00:03"
bulletinunitedst21621960unit,"2021-01-04 19:00:16","2021-01-04 22:00:05"
bulletinunitedst2331963unit,"2021-01-04 20:00:24","2021-01-04 22:00:06"
bulletinunitedst2391964unit,"2021-01-04 21:00:27","2021-01-04 22:00:07"
bulletinunitedst19311958unit,"2021-01-04 21:00:50","2021-01-04 22:00:08"
bulletinunitedst5041907unit,"2021-01-04 17:00:50","2021-01-04 23:00:03"
bulletinunitedst721910unit,"2021-01-04 22:00:40","2021-01-04 23:00:06"
bulletinunitedst7621928unit,"2021-01-04 22:00:48","2021-01-04 23:00:07"
bulletinunitedst5081919unit,"2021-01-04 18:00:14","2021-01-05 00:00:05"
bulletinunitedst1881945unit,"2021-01-04 21:00:41","2021-01-05 00:00:06"
bulletinunitedst1961949unit,"2021-01-04 22:00:16","2021-01-05 00:00:07"
bulletinunitedst2011951unit,"2021-01-04 22:00:26","2021-01-05 00:00:07"
bulletinunitedst23721968unit,"2021-01-04 21:00:18","2021-01-05 01:00:02"
bulletinunitedst2031953unit,"2021-01-04 22:00:34","2021-01-05 01:00:03"
bulletinunitedst7631930unit,"2021-01-04 23:00:15","2021-01-05 01:00:04"
bulletinunitedst8211915unit,"2021-01-04 23:00:27","2021-01-05 01:00:04"
bulletinunitedst8241947unit,"2021-01-04 23:00:37","2021-01-05 01:00:05"
bulletinunitedst941916unit,"2021-01-05 00:00:35","2021-01-05 01:00:06"
bulletinunitedst881915unit,"2021-01-05 00:00:22","2021-01-05 02:00:05"
bulletinunitedst1221922unit,"2021-01-05 01:00:43","2021-01-05 02:00:07"
bulletinunitedst9911918unit,"2021-01-05 01:00:13","2021-01-05 03:00:06"
bulletinunitedst10041921unit,"2021-01-05 01:00:25","2021-01-05 03:00:07"
bulletinunitedst10431922unit,"2021-01-05 02:00:24","2021-01-05 03:00:08"
bulletinunitedst8251967unit,"2021-01-05 00:00:14","2021-01-05 04:00:03"
bulletinunitedst10021932unit,"2021-01-05 01:00:18","2021-01-05 04:00:04"
bulletinunitedst10081929unit,"2021-01-05 01:00:31","2021-01-05 04:00:04"
bulletinunitedst100121933unit,"2021-01-05 01:00:36","2021-01-05 04:00:05"
bulletinunitedst1271923unit,"2021-01-05 02:00:17","2021-01-05 04:00:05"
bulletinunitedst10471930unit,"2021-01-05 03:00:15","2021-01-05 04:00:06"
bulletinunitedst9221915unit,"2021-01-05 00:00:29","2021-01-05 05:00:05"
bulletinunitedst1471929unit,"2021-01-05 04:00:28","2021-01-05 05:00:07"
bulletinunitedst1511929unit,"2021-01-05 04:00:34","2021-01-05 05:00:08"
bulletinunitedst1301925unit,"2021-01-05 03:00:23","2021-01-05 06:00:05"
bulletinunitedst1351926unit,"2021-01-05 03:00:36","2021-01-05 06:00:06"
bulletinunitedst15311930unit,"2021-01-05 04:00:43","2021-01-05 06:00:07"
bulletinunitedst1561931unit,"2021-01-05 04:00:53","2021-01-05 06:00:07"
bulletinunitedst16141965unit,"2021-01-05 05:00:19","2021-01-05 06:00:08"
bulletinunitedst16121933unit,"2021-01-05 05:00:28","2021-01-05 06:00:08"
bulletinunitedst1651933unit,"2021-01-05 05:00:38","2021-01-05 06:00:09"
bulletinunitedst185161957unit,"2021-01-04 21:00:35","2021-01-05 07:00:02"
bulletinunitedst1401927unit,"2021-01-05 04:00:14","2021-01-05 07:00:03"
bulletinunitedst1421927unit,"2021-01-05 04:00:19","2021-01-05 07:00:03"
bulletinunitedst1741939unit,"2021-01-05 06:00:23","2021-01-05 08:00:06"
bulletinunitedst1781942unit,"2021-01-05 06:00:34","2021-01-05 08:00:07"
bulletinunitedst2971970unit,"2021-01-05 06:00:40","2021-01-05 08:00:07"
bulletinunitedst21631962unit,"2021-01-05 06:00:49","2021-01-05 08:00:07"
bulletinunitedst2821969unit,"2021-01-05 06:00:55","2021-01-05 08:00:08"
bulletinunitedst2871968unit,"2021-01-05 06:01:01","2021-01-05 08:00:08"
bulletinunitedst2891969unit,"2021-01-05 07:00:25","2021-01-05 08:00:09"
bulletinunitedst2901968unit,"2021-01-05 07:00:33","2021-01-05 08:00:09"
bulletinunitedst2931969unit,"2021-01-05 08:00:25","2021-01-05 09:00:06"
bulletinunitedst2941969unit,"2021-01-05 08:00:32","2021-01-05 09:00:07"
bulletinunitedst2951969unit,"2021-01-05 08:00:43","2021-01-05 09:00:07"
bulletinunitedst1681937unit,"2021-01-05 08:01:12","2021-01-05 09:00:08"
bulletinunitedst1721938unit,"2021-01-05 06:00:17","2021-01-05 10:00:05"
bulletinunitedst2881970unit,"2021-01-05 07:00:18","2021-01-05 10:00:06"
bulletinunitedst2921969unit,"2021-01-05 08:00:18","2021-01-05 10:00:06"
bulletinunitedst1661937unit,"2021-01-05 08:00:52","2021-01-05 10:00:07"
bulletinunitedst20221960unit,"2021-01-05 08:01:19","2021-01-05 10:00:08"
bulletinunitedst20231966unit,"2021-01-05 09:00:17","2021-01-05 10:00:08"
bulletinunitedst2041953unit,"2021-01-05 09:00:23","2021-01-05 10:00:08"
bulletinunitedst1671937unit,"2021-01-05 08:01:01","2021-01-05 11:00:03"
bulletinunitedst2081955unit,"2021-01-05 09:00:40","2021-01-05 11:00:04"
bulletinunitedst2091957unit,"2021-01-05 10:00:18","2021-01-05 11:00:05"
bulletinunitedst2101956unit,"2021-01-05 10:00:26","2021-01-05 11:00:05"
bulletinunitedst2121958unit,"2021-01-05 10:00:35","2021-01-05 11:00:06"
bulletinunitedst2131957unit,"2021-01-05 10:00:43","2021-01-05 11:00:07"
bulletinunitedst2141958unit,"2021-01-05 10:00:51","2021-01-05 11:00:07"
bulletinunitedst2181959unit,"2021-01-05 10:01:04","2021-01-05 11:00:08"
bulletinunitedst2191960unit,"2021-01-05 10:01:13","2021-01-05 12:00:04"
bulletinunitedst2211961unit,"2021-01-05 11:00:25","2021-01-05 13:00:03"
bulletinunitedst1541931unit,"2021-01-05 11:00:55","2021-01-05 13:00:04"
bulletinunitedst1431928unit,"2021-01-05 11:01:04","2021-01-05 13:00:05"
bulletinunitedst1441928unit,"2021-01-05 11:01:15","2021-01-05 13:00:05"
bulletinunitedst1451928unit,"2021-01-05 11:01:24","2021-01-05 13:00:06"
bulletinunitedst1461929unit,"2021-01-05 11:01:34","2021-01-05 13:00:06"
bulletinunitedst1481929unit,"2021-01-05 12:00:17","2021-01-05 13:00:07"
bulletinunitedst2051955unit,"2021-01-05 09:00:32","2021-01-05 14:00:03"
bulletinunitedst15321937unit,"2021-01-05 11:00:45","2021-01-05 14:00:04"
bulletinunitedst1491930unit,"2021-01-05 13:00:18","2021-01-05 14:00:04"
bulletinunitedst1501930unit,"2021-01-05 13:00:25","2021-01-05 14:00:04"
bulletinunitedst1571932unit,"2021-01-05 13:00:34","2021-01-05 14:00:05"
bulletinunitedst1591932unit,"2021-01-05 13:00:51","2021-01-05 14:00:06"
bulletinunitedst16111932unit,"2021-01-05 13:01:05","2021-01-05 14:00:08"
bulletinunitedst1521930unit,"2021-01-05 11:00:35","2021-01-05 15:00:03"
bulletinunitedst1601932unit,"2021-01-05 13:00:58","2021-01-05 15:00:04"
bulletinunitedst16131942unit,"2021-01-05 14:00:15","2021-01-05 15:00:05"
bulletinunitedst1631932unit,"2021-01-05 14:00:35","2021-01-05 15:00:06"
bulletinunitedst1731939unit,"2021-01-05 14:00:48","2021-01-05 15:00:09"
bulletinunitedst1701938unit,"2021-01-05 14:00:42","2021-01-05 16:00:03"
bulletinunitedst1751940unit,"2021-01-05 14:01:07","2021-01-05 16:00:04"
bulletinunitedst1581932unit,"2021-01-05 13:00:43","2021-01-05 17:00:03"
bulletinunitedst1621932unit,"2021-01-05 14:00:25","2021-01-05 17:00:05"
bulletinunitedst1761940unit,"2021-01-05 14:01:17","2021-01-05 17:00:05"
bulletinunitedst1771941unit,"2021-01-05 15:00:27","2021-01-05 17:00:05"
bulletinunitedst1801943unit,"2021-01-05 15:00:56","2021-01-05 17:00:06"
bulletinunitedst1811942unit,"2021-01-05 15:01:02","2021-01-05 17:00:07"
bulletinunitedst1841944unit,"2021-01-05 16:00:26","2021-01-05 17:00:08"
bulletinunitedst1791942unit,"2021-01-05 15:00:50","2021-01-05 18:00:05"
bulletinunitedst1771941united,"2021-01-05 16:00:21","2021-01-05 18:00:06"
bulletinunitedst1871945unit,"2021-01-05 17:00:23","2021-01-05 18:00:07"
bulletinunitedst1901946unit,"2021-01-05 17:00:38","2021-01-05 18:00:08"
bulletinunitedst1941948unit,"2021-01-05 17:00:59","2021-01-05 18:00:09"
bulletinunitedst1821943unit,"2021-01-05 15:01:07","2021-01-05 19:00:03"
bulletinunitedst1891946unit,"2021-01-05 17:00:30","2021-01-05 19:00:04"
bulletinunitedst1921946unit,"2021-01-05 17:00:52","2021-01-05 19:00:05"
bulletinunitedst1981950unit,"2021-01-05 18:00:31","2021-01-05 19:00:06"
bulletinunitedst1911946unit,"2021-01-05 17:00:46","2021-01-05 20:00:03"
bulletinunitedst1951948unit,"2021-01-05 18:00:16","2021-01-05 20:00:04"
bulletinunitedst1971950unit,"2021-01-05 18:00:23","2021-01-05 20:00:04"
bulletinunitedst1991950unit,"2021-01-05 18:00:40","2021-01-05 20:00:05"
bulletinunitedst2001952united,"2021-01-05 18:00:48","2021-01-05 20:00:06"
bulletinunitedst2231960unit,"2021-01-05 19:00:17","2021-01-05 20:00:06"
bulletinunitedst2261963unit,"2021-01-05 19:00:38","2021-01-05 20:00:07"
bulletinunitedst1861945unit,"2021-01-05 17:00:18","2021-01-05 21:00:04"
bulletinunitedst2251963unit,"2021-01-05 19:00:29","2021-01-05 21:00:05"
bulletinunitedst2311964unit,"2021-01-05 20:00:22","2021-01-05 21:00:06"
bulletinunitedst2321962unit,"2021-01-05 20:00:32","2021-01-05 21:00:07"
bulletinunitedst2351963unit,"2021-01-05 20:00:42","2021-01-05 21:00:07"
bulletinunitedst22411962unit,"2021-01-05 19:00:23","2021-01-05 22:00:05"
bulletinunitedst2291970unit,"2021-01-05 20:00:17","2021-01-05 22:00:06"
bulletinunitedst2361964unit,"2021-01-05 20:00:49","2021-01-05 22:00:06"
bulletinunitedst2381965unit,"2021-01-05 21:00:19","2021-01-05 22:00:07"
bulletinunitedst24145511966unit,"2021-01-05 21:00:33","2021-01-05 22:00:08"
bulletinunitedst2421964unit,"2021-01-05 21:00:39","2021-01-05 22:00:08"
bulletinunitedst23731968unit,"2021-01-05 20:01:05","2021-01-05 23:00:02"
bulletinunitedst2401966unit,"2021-01-05 21:00:25","2021-01-05 23:00:03"
bulletinunitedst2431965unit,"2021-01-05 21:00:47","2021-01-05 23:00:03"
bulletinunitedst2441964unit,"2021-01-05 22:00:15","2021-01-05 23:00:04"
bulletinunitedst2451965unit,"2021-01-05 22:00:22","2021-01-05 23:00:04"
bulletinunitedst2461969unit,"2021-01-05 22:00:28","2021-01-05 23:00:04"
bulletinunitedst2481967unit,"2021-01-05 22:00:34","2021-01-05 23:00:05"
bulletinunitedst2491968unit,"2021-01-05 22:00:40","2021-01-05 23:00:05"
bulletinunitedst2511967unit,"2021-01-05 22:00:47","2021-01-05 23:00:06"
bulletinunitedst23711968unit,"2021-01-05 20:00:57","2021-01-06 00:00:04"
bulletinunitedst2521968unit,"2021-01-05 23:00:17","2021-01-06 00:00:04"
bulletinunitedst2531968unit,"2021-01-05 23:00:28","2021-01-06 00:00:05"
bulletinunitedst2551967unit,"2021-01-05 23:00:37","2021-01-06 00:00:05"
bulletinunitedst2561969unit,"2021-01-05 23:00:46","2021-01-06 00:00:06"
bulletinunitedst2581969unit,"2021-01-05 23:01:01","2021-01-06 00:00:06"
bulletinunitedst2601967unit,"2021-01-05 23:01:12","2021-01-06 00:00:07"
bulletinunitedst2621968unit,"2021-01-05 23:01:23","2021-01-06 00:00:07"
bulletinunitedst2631968unit,"2021-01-05 23:01:29","2021-01-06 00:00:08"
bulletinunitedst2571967unit,"2021-01-05 23:00:52","2021-01-06 01:00:02"
bulletinunitedst2641968unit,"2021-01-06 00:00:17","2021-01-06 01:00:02"
bulletinunitedst2651968unit,"2021-01-06 00:00:25","2021-01-06 01:00:02"
bulletinunitedst2671968unit,"2021-01-06 00:00:33","2021-01-06 01:00:03"
bulletinunitedst2681968unit,"2021-01-06 00:00:46","2021-01-06 01:00:03"
bulletinunitedst2691969unit,"2021-01-06 00:00:54","2021-01-06 01:00:04"
bulletinunitedst2701968unit,"2021-01-06 00:01:00","2021-01-06 01:00:04"
bulletinunitedst2721968unit,"2021-01-06 00:01:09","2021-01-06 01:00:05"
bulletinunitedst2741968unit,"2021-01-06 00:01:19","2021-01-06 01:00:05"
bulletinunitedst2751968unit,"2021-01-06 00:01:26","2021-01-06 01:00:05"
bulletinunitedst2771969unit,"2021-01-06 01:00:23","2021-01-06 02:00:04"
bulletinunitedst2791968unit,"2021-01-06 01:00:29","2021-01-06 02:00:05"
bulletinunitedst2801968unit,"2021-01-06 01:00:35","2021-01-06 02:00:05"
bulletinunitedst901915unit,"2021-01-06 01:00:42","2021-01-06 02:00:05"
bulletinunitedst961917unit,"2021-01-06 01:01:11","2021-01-06 02:00:07"
bulletinunitedst2761968unit,"2021-01-06 01:00:15","2021-01-06 03:00:02"
bulletinunitedst911915unit,"2021-01-06 01:00:50","2021-01-06 03:00:03"
bulletinunitedst931916unit,"2021-01-06 01:01:04","2021-01-06 03:00:04"
bulletinunitedst981917unit,"2021-01-06 02:00:15","2021-01-06 03:00:04"
bulletinunitedst9931924unit,"2021-01-06 02:00:27","2021-01-06 03:00:05"
bulletinunitedst971918unit,"2021-01-06 01:01:21","2021-01-06 04:00:04"
bulletinunitedst9921919unit,"2021-01-06 02:00:19","2021-01-06 04:00:05"
bulletinunitedst10011928unit,"2021-01-06 02:00:38","2021-01-06 04:00:05"
bulletinunitedst9211915unit,"2021-01-06 01:00:56","2021-01-06 05:00:05"
bulletinunitedst100101930unit,"2021-01-06 03:00:37","2021-01-06 05:00:07"
bulletinunitedst100111931unit,"2021-01-06 03:00:43","2021-01-06 05:00:07"
bulletinunitedst731910unit,"2021-01-06 04:00:30","2021-01-06 05:00:09"
bulletinunitedst10031919unit,"2021-01-06 02:00:32","2021-01-06 06:00:02"
bulletinunitedst10061939unit,"2021-01-06 03:00:18","2021-01-06 06:00:03"
bulletinunitedst10071928unit,"2021-01-06 03:00:25","2021-01-06 06:00:03"
bulletinunitedst10091929unit,"2021-01-06 03:00:32","2021-01-06 06:00:04"
bulletinunitedst741910unit,"2021-01-06 05:00:19","2021-01-06 06:00:05"
bulletinunitedst751911unit,"2021-01-06 05:00:30","2021-01-06 07:00:05"
bulletinunitedst811913unit,"2021-01-06 05:00:45","2021-01-06 07:00:06"
bulletinunitedst831914unit,"2021-01-06 06:00:46","2021-01-06 07:00:08"
bulletinunitedst100131941unit,"2021-01-06 04:00:15","2021-01-06 08:00:04"
bulletinunitedst711910unit,"2021-01-06 04:00:23","2021-01-06 08:00:05"
bulletinunitedst7611911unit,"2021-01-06 05:00:37","2021-01-06 08:00:05"
bulletinunitedst8241941unit,"2021-01-06 06:00:31","2021-01-06 08:00:06"
bulletinunitedst8241950unit,"2021-01-06 06:00:38","2021-01-06 08:00:07"
bulletinunitedst841914unit,"2021-01-06 07:00:26","2021-01-06 08:00:07"
bulletinunitedst851914unit,"2021-01-06 07:00:33","2021-01-06 08:00:07"
bulletinunitedst861914unit,"2021-01-06 07:00:43","2021-01-06 08:00:08"
bulletinunitedst871914unit,"2021-01-06 08:00:17","2021-01-06 09:00:04"
bulletinunitedst781912unit,"2021-01-06 08:00:25","2021-01-06 09:00:04"
bulletinunitedst1011917unit,"2021-01-06 08:00:37","2021-01-06 09:00:05"
bulletinunitedst1071919unit,"2021-01-06 08:00:44","2021-01-06 09:00:05"
bulletinunitedst1081920unit,"2021-01-06 08:00:50","2021-01-06 09:00:06"
bulletinunitedst8221921unit,"2021-01-06 06:00:15","2021-01-06 10:00:03"
bulletinunitedst1151921unit,"2021-01-06 09:00:29","2021-01-06 10:00:05"
bulletinunitedst1181922unit,"2021-01-06 09:00:40","2021-01-06 10:00:06"
bulletinunitedst1191922unit,"2021-01-06 09:00:47","2021-01-06 10:00:07"
bulletinunitedst791912unit,"2021-01-06 08:00:30","2021-01-06 11:00:03"
bulletinunitedst1091920unit,"2021-01-06 08:00:59","2021-01-06 11:00:04"
bulletinunitedst1131921unit,"2021-01-06 08:01:06","2021-01-06 11:00:04"
bulletinunitedst1161921unit,"2021-01-06 09:00:36","2021-01-06 11:00:05"
bulletinunitedst1201923unit,"2021-01-06 09:00:55","2021-01-06 11:00:05"
bulletinunitedst1241923unit,"2021-01-06 10:00:27","2021-01-06 11:00:06"
bulletinunitedst1251923unit,"2021-01-06 10:00:35","2021-01-06 11:00:07"
bulletinunitedst1261923unit,"2021-01-06 10:00:45","2021-01-06 12:00:04"
bulletinunitedst1051919unit,"2021-01-06 11:00:19","2021-01-06 12:00:05"
bulletinunitedst1111920unit,"2021-01-06 11:00:25","2021-01-06 12:00:05"
bulletinunitedst1121921unit,"2021-01-06 11:00:33","2021-01-06 12:00:06"
bulletinunitedst10421920unit,"2021-01-06 11:00:38","2021-01-06 12:00:06"
bulletinunitedst10441923unit,"2021-01-06 11:00:44","2021-01-06 12:00:07"
bulletinunitedst10451924unit,"2021-01-06 11:00:49","2021-01-06 12:00:08"
bulletinunitedst10461929unit,"2021-01-06 11:00:56","2021-01-06 12:00:09"
bulletinunitedst1211922unit,"2021-01-06 10:00:16","2021-01-06 13:00:02"
bulletinunitedst10481931unit,"2021-01-06 12:00:16","2021-01-06 13:00:03"
bulletinunitedst1341926unit,"2021-01-06 12:00:45","2021-01-06 13:00:05"
bulletinunitedst1361927unit,"2021-01-06 12:00:50","2021-01-06 13:00:05"
bulletinunitedst10411918unit,"2021-01-06 12:00:56","2021-01-06 13:00:05"
bulletinunitedst1311926unit,"2021-01-06 12:00:34","2021-01-06 14:00:04"
bulletinunitedst411891unit,"2021-01-06 13:00:31","2021-01-06 14:00:06"
bulletinunitedst1711938unit,"2021-01-06 13:00:36","2021-01-06 14:00:06"
bulletinunitedst2301964unit,"2021-01-06 13:00:43","2021-01-06 14:00:07"
bulletinunitedst8231931unit,"2021-01-06 06:00:25","2021-01-06 15:00:04"
bulletinunitedst1281924unit,"2021-01-06 12:00:22","2021-01-06 15:00:05"
bulletinunitedst1291925unit,"2021-01-06 12:00:27","2021-01-06 15:00:05"
bulletinunitedst1331926unit,"2021-01-06 12:00:39","2021-01-06 15:00:06"
bulletinunitedst1391926unit,"2021-01-06 13:00:19","2021-01-06 15:00:06"
bulletinunitedst5611907unite,"2021-01-06 13:00:25","2021-01-06 15:00:07"
bulletinunitedst2341963unit,"2021-01-06 14:00:15","2021-01-06 15:00:07"
annualreportofbo1906smit,"2021-01-06 14:00:36","2021-01-06 15:00:08"
bulletinunitedst2501969unit,"2021-01-06 14:00:45","2021-01-06 15:00:09"
smithsoniancontr11848smit,"2021-01-06 14:00:28","2021-01-06 16:00:05"
bulletinunitedst2541968unit,"2021-01-06 15:00:15","2021-01-06 16:00:05"
bulletinunitedst2591967unit,"2021-01-06 15:00:20","2021-01-06 16:00:06"
bulletinunitedst2611968unit,"2021-01-06 15:00:26","2021-01-06 16:00:06"
bulletinunitedst2661968unit,"2021-01-06 15:00:31","2021-01-06 16:00:07"
bulletinunitedst2731968unit,"2021-01-06 15:00:39","2021-01-06 16:00:07"
bulletinunitedst2781968unit,"2021-01-06 15:00:45","2021-01-06 16:00:08"
bulletinunitedst2911969unit,"2021-01-06 15:00:52","2021-01-06 16:00:08"
bulletinunitedst2961969unit,"2021-01-06 15:00:58","2021-01-06 16:00:08"
bulletinunitedst2981971unit,"2021-01-06 15:01:03","2021-01-06 16:00:09"
annualreportofbo1905smit,"2021-01-06 16:00:55","2021-01-06 17:00:08"
annualreportofbo1874smit,"2021-01-06 16:00:41","2021-01-06 18:00:04"
annualreportofbo1876smith,"2021-01-06 16:01:02","2021-01-06 18:00:05"
annualreportofbo1876smit,"2021-01-06 16:00:18","2021-01-06 19:00:03"
annualreportofbo1883smit,"2021-01-06 16:00:49","2021-01-06 19:00:04"
proceedingsofuni11878unit,"2021-01-06 16:01:19","2021-01-06 19:00:05"
annualreportofbo1882smit,"2021-01-06 16:00:23","2021-01-06 20:00:04"
annualreportofbo1884smit,"2021-01-06 16:00:29","2021-01-06 20:00:04"
annualreportofbo18871smit,"2021-01-06 16:00:35","2021-01-06 20:00:05"
proceedingsofuni591922unit,"2021-01-06 16:01:12","2021-01-06 20:00:05"
catalogofhymenop01krom,"2021-01-06 17:00:26","2021-01-06 21:00:05"
catalogofhymenop02krom,"2021-01-06 18:00:19","2021-01-06 22:00:01"
annualreportofbo18842smit,"2021-01-06 19:00:19","2021-01-06 22:00:02"
annualreportofbo1961smit,"2021-01-06 19:00:38","2021-01-06 22:00:03"
annualreportofbo1861smith,"2021-01-06 20:00:16","2021-01-06 22:00:04"
annualreportofbo1952smit,"2021-01-06 20:00:28","2021-01-06 22:00:04"
annualreportofbo1953smit,"2021-01-06 20:00:37","2021-01-06 22:00:05"
catalogofhymenop03krom,"2021-01-06 18:00:26","2021-01-06 23:00:04"
annualreportofbo18861smit,"2021-01-06 19:00:25","2021-01-06 23:00:05"
annualreportofbo1951smit,"2021-01-06 20:00:22","2021-01-06 23:00:05"
annualreportofbo1954smit,"2021-01-06 21:00:16","2021-01-07 00:00:05"
annualreportofbo1955smit,"2021-01-06 22:00:15","2021-01-07 00:00:05"
annualreportofbo1933smit,"2021-01-06 22:00:43","2021-01-07 00:00:07"
annualreportofbo1956smit,"2021-01-06 22:00:22","2021-01-07 01:00:02"
annualreportofbo1939smit,"2021-01-06 23:00:24","2021-01-07 01:00:04"
annualreportofbo1912smit,"2021-01-06 22:00:28","2021-01-07 02:00:04"
annualreportofbo1930smit,"2021-01-06 22:00:36","2021-01-07 02:00:05"
annualreportofbo1947smit,"2021-01-07 00:00:35","2021-01-07 02:00:07"
annualreportofbo1928smit,"2021-01-06 23:00:18","2021-01-07 03:00:05"
annualreportofbo1942smit,"2021-01-07 00:00:18","2021-01-07 03:00:05"
annualreportofbo1925smit,"2021-01-07 00:00:24","2021-01-07 04:00:03"
annualreportofbo1903smit,"2021-01-07 00:00:41","2021-01-07 04:00:04"
annualreportofbo1890smith,"2021-01-07 01:00:20","2021-01-07 05:00:04"
annualreportofbo1918smit,"2021-01-07 02:00:38","2021-01-07 05:00:06"
annualreportofbo1888smith,"2021-01-07 01:00:16","2021-01-07 06:00:03"
annualreportofbo1893smit,"2021-01-07 02:00:27","2021-01-07 06:00:04"
annualreportofbo1865smit,"2021-01-07 04:00:38","2021-01-07 06:00:06"
annualreportofbo1892smit,"2021-01-07 02:00:20","2021-01-07 07:00:03"
annualreportofbo1920smit,"2021-01-07 03:00:19","2021-01-07 07:00:03"
annualreportofbo18841smit,"2021-01-07 03:00:26","2021-01-07 07:00:04"
annualreportofbo1863smit,"2021-01-07 04:00:26","2021-01-07 07:00:05"
annualreportofbo18851smith,"2021-01-07 05:00:20","2021-01-07 08:00:02"
annualreportofbo18862smit,"2021-01-07 05:00:35","2021-01-07 10:00:04"
annualreportofbo18871smith,"2021-01-07 06:00:23","2021-01-07 10:00:05"
annualreportofbo1889smit,"2021-01-07 06:00:30","2021-01-07 10:00:05"
annualreportofbo1898smit,"2021-01-07 07:00:19","2021-01-07 11:00:06"
annualreportofbo18971smit,"2021-01-07 07:00:25","2021-01-07 11:00:06"
annualreportofbo1899smit,"2021-01-07 07:00:34","2021-01-07 11:00:07"
annualreportofbo1900smit,"2021-01-07 07:00:42","2021-01-07 11:00:07"
annualreportofbo1901smith,"2021-01-07 08:00:27","2021-01-07 11:00:08"
annualreportofbo1875smit,"2021-01-07 10:00:27","2021-01-07 12:00:03"
annualreportofbo1877smit,"2021-01-07 10:00:34","2021-01-07 12:00:03"
annualreportofbo1896smit,"2021-01-07 06:00:37","2021-01-07 13:00:05"
annualreportofbo1867smith,"2021-01-07 11:00:37","2021-01-07 13:00:07"
annualreportofbo1940smit,"2021-01-06 23:00:33","2021-01-07 14:00:03"
annualreportofbo1868smit,"2021-01-07 11:00:45","2021-01-07 14:00:04"
annualreportofbo1921smit,"2021-01-07 12:00:21","2021-01-07 14:00:05"
annualreportofbo1902smith,"2021-01-07 10:00:20","2021-01-07 15:00:03"
annualreportofbo1880smith,"2021-01-07 11:00:15","2021-01-07 15:00:03"
annualreportofbo1881smit,"2021-01-07 11:00:21","2021-01-07 15:00:04"
annualreportofbo1882smith,"2021-01-07 11:00:29","2021-01-07 15:00:05"
annualreportofbo1870smit,"2021-01-07 12:00:16","2021-01-07 15:00:05"
annualreportofbo1932smit,"2021-01-07 13:00:17","2021-01-07 15:00:06"
annualreportofbo1934smit,"2021-01-07 13:00:25","2021-01-07 15:00:06"
annualreportofbo1924smit,"2021-01-07 14:00:20","2021-01-07 16:00:02"
annualreportofbo1941smit,"2021-01-07 14:00:26","2021-01-07 17:00:03"
annualreportofbo1960smit,"2021-01-07 14:00:34","2021-01-07 17:00:04"
annualreportofbo1859smit,"2021-01-07 15:00:28","2021-01-07 17:00:05"
annualreportofbo1950smit,"2021-01-07 15:00:19","2021-01-07 18:00:02"
annualreportofbo1902smit,"2021-01-07 15:00:37","2021-01-07 18:00:03"
annualreportofbo1901smit,"2021-01-07 15:00:49","2021-01-07 18:00:03"
annualreportofbo1962smit,"2021-01-07 15:01:05","2021-01-07 18:00:04"
annualreportofbo1963smit,"2021-01-07 15:01:11","2021-01-07 18:00:05"
annualreportofbo1904smit,"2021-01-07 15:00:59","2021-01-07 19:00:03"
annualreportofbo1888smit,"2021-01-07 16:00:17","2021-01-07 19:00:03"
annualreportofbo1872smit,"2021-01-07 17:00:24","2021-01-07 19:00:05"
annualreportofbo1931smit,"2021-01-07 17:00:18","2021-01-07 20:00:05"
annualreportofbo1964smit,"2021-01-07 17:00:31","2021-01-07 20:00:06"
annualreportofbo18501852smit,"2021-01-07 18:00:28","2021-01-07 20:00:07"
annualreportofbo1857smit,"2021-01-07 18:00:49","2021-01-07 20:00:09"
annualreportofbo18471849smit,"2021-01-07 18:00:21","2021-01-07 21:00:05"
annualreportofbo18531854smit,"2021-01-07 18:00:32","2021-01-07 21:00:06"
annualreportofbo1869smit,"2021-01-07 19:00:50","2021-01-07 21:00:07"
annualreportofbo18551856smit,"2021-01-07 18:00:44","2021-01-07 22:00:03"
annualreportofbo1867smit,"2021-01-07 19:00:40","2021-01-07 22:00:03"
annualreportofbo1871smit,"2021-01-07 20:00:27","2021-01-07 22:00:04"
annualreportofbo18972smit,"2021-01-07 20:00:42","2021-01-07 23:00:05"
annualreportofbo1860smit,"2021-01-07 21:00:18","2021-01-07 23:00:06"
annualreportofbo1861smit,"2021-01-07 21:00:35","2021-01-07 23:00:07"
bulletinunitedst2831968unit,"2021-01-07 22:00:21","2021-01-07 23:00:08"
annualreportofbo1893smithso,"2021-01-07 22:00:27","2021-01-07 23:00:08"
annualreportofbo18851smit,"2021-01-07 19:00:15","2021-01-08 00:00:03"
annualreportofbo1879smit,"2021-01-07 20:00:53","2021-01-08 00:00:03"
annualreportofbo1880smit,"2021-01-07 20:01:02","2021-01-08 00:00:04"
bulletinunitedst1411928unit,"2021-01-07 23:00:58","2021-01-08 00:00:06"
bulletinunitedst1061920unit,"2021-01-07 23:01:05","2021-01-08 00:00:07"
annualreportofbo1890smit,"2021-01-07 21:00:27","2021-01-08 01:00:02"
annualreportofbo18972smith,"2021-01-07 23:00:15","2021-01-08 01:00:03"
bulletinunitedst1371926unit,"2021-01-08 00:00:22","2021-01-08 01:00:04"
bulletinunitedst1381926unit,"2021-01-08 00:00:34","2021-01-08 01:00:05"
bulletinunitedst951917unit,"2021-01-08 00:00:40","2021-01-08 01:00:05"
annualreportofbo1895smit,"2021-01-07 22:00:33","2021-01-08 02:00:02"
annualreportofbo1858smit,"2021-01-08 00:00:48","2021-01-08 02:00:03"
annualreportofbo1901smithso,"2021-01-07 23:00:36","2021-01-08 03:00:04"
annualreportofbo1904smithso,"2021-01-07 23:00:45","2021-01-08 03:00:04"
smithsonianmisce111874smit,"2021-01-08 01:00:16","2021-01-08 03:00:05"
smithsonianmisce451903smit,"2021-01-08 01:00:45","2021-01-08 03:00:06"
smithsonianmisce561912smit,"2021-01-08 01:00:52","2021-01-08 03:00:07"
annualreportofbo1878smit,"2021-01-08 00:00:56","2021-01-08 04:00:05"
smithsonianmisce271883smit,"2021-01-08 01:00:36","2021-01-08 05:00:04"
annualreportofbo1894smit,"2021-01-08 02:00:21","2021-01-08 05:00:05"
smithsonianmisce41862smit,"2021-01-08 03:00:47","2021-01-08 05:00:07"
smithsonianmisce171880smit,"2021-01-08 01:00:29","2021-01-08 06:00:02"
annualreportofbo1893smith,"2021-01-08 02:00:14","2021-01-08 06:00:02"
smithsonianmisce8119281929smit,"2021-01-08 03:00:19","2021-01-08 06:00:03"
smithsonianmisce11862smit,"2021-01-08 03:00:35","2021-01-08 06:00:03"
smithsonianmisce31862smit,"2021-01-08 03:00:41","2021-01-08 06:00:04"
smithsonianmisce51864smit,"2021-01-08 03:00:56","2021-01-08 06:00:04"
smithsonianmisce73smit,"2021-01-08 04:00:18","2021-01-08 06:00:04"
smithsonianmisce61867smit,"2021-01-08 05:00:15","2021-01-08 08:00:03"
smithsonianmisce71867smit,"2021-01-08 05:00:22","2021-01-08 08:00:03"
smithsonianmisce91869smit,"2021-01-08 05:00:32","2021-01-08 08:00:04"
smithsonianmisce161880smit,"2021-01-08 06:00:48","2021-01-08 08:00:06"
smithsonianmisce101873smit,"2021-01-08 06:00:15","2021-01-08 09:00:03"
smithsonianmisce121874smit,"2021-01-08 06:00:24","2021-01-08 09:00:05"
smithsonianmisce131878smit,"2021-01-08 06:00:30","2021-01-08 09:00:05"
smithsonianmisce141878smit,"2021-01-08 06:00:35","2021-01-08 10:00:02"
smithsonianmisce191878smit,"2021-01-08 06:00:55","2021-01-08 10:00:03"
smithsonianmisce151878smit,"2021-01-08 06:00:42","2021-01-08 11:00:05"
smithsonianmisce261883smit,"2021-01-08 08:00:41","2021-01-08 11:00:07"
smithsonianmisce241883smit,"2021-01-08 08:00:34","2021-01-08 12:00:03"
smithsonianmisce281887smit,"2021-01-08 09:00:13","2021-01-08 12:00:04"
smithsonianmisce291887smit,"2021-01-08 09:00:36","2021-01-08 12:00:04"
smithsonianmisce361893smit,"2021-01-08 09:00:42","2021-01-08 12:00:05"
smithsonianmisce221882smit,"2021-01-08 08:00:17","2021-01-08 14:00:06"
smithsonianmisce231882smit,"2021-01-08 08:00:22","2021-01-08 14:00:06"
smithsonianmisce381898smit,"2021-01-08 10:00:26","2021-01-08 14:00:07"
smithsonianmisce401898smit,"2021-01-08 11:00:20","2021-01-08 14:00:08"
smithsonianmisce371898smit,"2021-01-08 10:00:20","2021-01-08 15:00:04"
smithsonianmisce411902smit,"2021-01-08 11:00:30","2021-01-08 16:00:04"
smithsonianmisce421901smit,"2021-01-08 12:00:18","2021-01-08 16:00:04"
smithsonianmisce311888smit,"2021-01-08 12:00:25","2021-01-08 16:00:05"
smithsonianmisce321888smit,"2021-01-08 12:00:33","2021-01-08 16:00:05"
smithsonianmisce441904smit,"2021-01-08 12:00:40","2021-01-08 16:00:06"
smithsonianmisce521910smit,"2021-01-08 14:00:29","2021-01-08 16:00:07"
smithsonianmisce541910smit,"2021-01-08 14:00:43","2021-01-08 17:00:06"
smithsonianmisce601913smit,"2021-01-08 15:00:20","2021-01-08 17:00:07"
smithsonianmisce871934smit,"2021-01-08 16:00:46","2021-01-08 17:00:09"
smithsonianmisce581912smit,"2021-01-08 14:00:52","2021-01-08 18:00:03"
smithsonianmisce831930smit,"2021-01-08 16:00:21","2021-01-08 18:00:04"
smithsonianmisce851933smit,"2021-01-08 16:00:30","2021-01-08 18:00:05"
smithsonianmisce861933smit,"2021-01-08 16:00:38","2021-01-08 18:00:05"
smithsonianmisce461905smit,"2021-01-08 14:00:19","2021-01-08 19:00:04"
smithsonianmisce881934smit,"2021-01-08 16:00:52","2021-01-08 19:00:05"
smithsonianmisce971939smit,"2021-01-08 17:00:49","2021-01-08 19:00:07"
smithsonianmisce921935smit,"2021-01-08 17:00:27","2021-01-08 20:00:03"
smithsonianmisce931935smit,"2021-01-08 17:00:34","2021-01-08 20:00:04"
smithsonianmisce981940smit,"2021-01-08 18:00:16","2021-01-08 20:00:04"
smithsonianmisce1301956smit,"2021-01-08 18:00:25","2021-01-08 20:00:05"
smithsonianmisce1031943smit,"2021-01-08 18:00:43","2021-01-08 21:00:03"
smithsonianmisce1021942smit,"2021-01-08 18:00:34","2021-01-08 22:00:03"
smithsonianmisce1081948smit,"2021-01-08 19:00:36","2021-01-08 22:00:04"
smithsonianmisce1101949smit,"2021-01-08 19:00:42","2021-01-08 22:00:04"
smithsonianmisce1311958smit,"2021-01-08 20:00:20","2021-01-08 22:00:04"
smithsonianmisce1181952smit,"2021-01-08 20:00:26","2021-01-08 22:00:05"
smithsonianmisce1231955smit,"2021-01-08 20:00:36","2021-01-08 22:00:05"
smithsonianmisce1321955smit,"2021-01-08 20:00:42","2021-01-08 22:00:06"
smithsonianmisce791927smit,"2021-01-08 16:00:14","2021-01-08 23:00:04"
smithsonianmisce1051947smit,"2021-01-08 19:00:22","2021-01-08 23:00:04"
smithsonianmisce1331957smit,"2021-01-08 21:00:14","2021-01-09 00:00:02"
smithsonianmisce1401961smit,"2021-01-08 22:00:29","2021-01-09 00:00:03"
smithsonianmisce1411961smit,"2021-01-08 22:00:35","2021-01-09 00:00:03"
smithsonianmisce14219601961smit,"2021-01-08 22:00:41","2021-01-09 00:00:04"
smithsonianmisce1371959smit,"2021-01-08 22:00:51","2021-01-09 00:00:04"
smithsonianmisce21862smit,"2021-01-08 22:01:04","2021-01-09 00:00:05"
smithsonianmisce1391961smit,"2021-01-08 22:00:20","2021-01-09 01:00:05"
smithsonianmisce631914smit,"2021-01-08 22:00:58","2021-01-09 01:00:06"
smithsonianmisce81869smit,"2021-01-08 23:00:20","2021-01-09 02:00:04"
smithsonianmisce841931smit,"2021-01-08 23:00:30","2021-01-09 02:00:05"
smithsonianmisce901934smit,"2021-01-09 00:00:18","2021-01-09 02:00:05"
smithsoniancontr231881smit,"2021-01-09 00:00:44","2021-01-09 02:00:07"
smithsoniancontr221880smit,"2021-01-09 00:00:38","2021-01-09 03:00:03"
smithsoniancontr271911smit,"2021-01-09 01:00:16","2021-01-09 03:00:04"
smithsoniancontr251884smit,"2021-01-09 01:00:23","2021-01-09 03:00:04"
smithsoniancontr121860smit,"2021-01-09 00:00:24","2021-01-09 04:00:02"
smithsoniancontr171871smit,"2021-01-09 00:00:31","2021-01-09 04:00:03"
smithsoniancontr191874smit,"2021-01-09 00:00:51","2021-01-09 04:00:03"
smithsoniancontr291903smit,"2021-01-09 02:00:14","2021-01-09 04:00:04"
smithsoniancontr131863smit,"2021-01-09 02:00:27","2021-01-09 04:00:05"
smithsoniancontr311895smit,"2021-01-09 02:00:32","2021-01-09 04:00:05"
bulletinunitedst2221962unit,"2021-01-09 03:00:27","2021-01-09 04:00:06"
smithsoniancontr11848smith,"2021-01-09 03:00:13","2021-01-09 05:00:05"
smithsoniancontr51853smit,"2021-01-09 03:00:22","2021-01-09 05:00:06"
smithsonianmisce621923smith,"2021-01-09 04:00:21","2021-01-09 05:00:07"
smithsoniancontr301895smit,"2021-01-09 02:00:20","2021-01-09 06:00:05"
smithsoniancontr101858smit,"2021-01-09 04:00:14","2021-01-09 07:00:03"
smithsonianmisce1121949smit,"2021-01-09 04:00:26","2021-01-09 07:00:03"
smithsonianmisce15021968smit,"2021-01-09 04:00:41","2021-01-09 07:00:04"
annualreportofbo1889smith,"2021-01-09 04:00:47","2021-01-09 07:00:05"
smithsonianmisce571914smit,"2021-01-09 04:00:52","2021-01-09 07:00:05"
smithsonianmisce15011965smit,"2021-01-09 05:00:29","2021-01-09 07:00:06"
smithsonianmisce15031972smit,"2021-01-09 05:00:39","2021-01-09 07:00:06"
smithsonianmisce341893smit,"2021-01-09 05:00:20","2021-01-09 08:00:03"
smithsonianmisce181880smit,"2021-01-09 04:00:34","2021-01-09 09:00:04"
annualreportofbo1892smith,"2021-01-09 06:00:19","2021-01-09 09:00:04"
bulletinunitedst2061955unit,"2021-01-09 07:00:12","2021-01-09 09:00:05"
proceedingsofuni961948unit,"2021-01-09 07:00:19","2021-01-09 09:00:05"
smithsoniancontr331904smit,"2021-01-09 07:00:26","2021-01-09 09:00:06"
smithsoniancontr341907smit,"2021-01-09 07:00:33","2021-01-09 10:00:03"
smithsoniancontr111859smit,"2021-01-09 07:00:41","2021-01-09 10:00:03"
annualreportofbo1862smit,"2021-01-09 07:00:48","2021-01-09 10:00:04"
annualreportofbo1872smith,"2021-01-09 07:00:54","2021-01-09 10:00:04"
papersondiptera00kowa,"2021-01-09 09:00:22","2021-01-09 10:00:06"
papersondiptera00mela,"2021-01-09 08:00:20","2021-01-09 11:00:01"
bulletinunitedst181880unit,"2021-01-09 09:00:27","2021-01-09 11:00:03"
smithsoniancontr351916smit,"2021-01-09 09:00:38","2021-01-09 11:00:03"
smithsoniancontr281892smit,"2021-01-09 09:00:33","2021-01-09 12:00:03"
humanpaleopathol00ortn,"2021-01-09 10:00:29","2021-01-09 12:00:04"
papersondiptera00hend,"2021-01-09 10:00:35","2021-01-09 12:00:05"
papersondiptera00kert,"2021-01-09 10:00:40","2021-01-09 12:00:05"
bulletinunitedst2851968unit,"2021-01-09 11:00:36","2021-01-09 12:00:07"
diptera00wulp,"2021-01-09 10:00:51","2021-01-09 13:00:04"
papersondiptera00mead,"2021-01-09 11:00:24","2021-01-09 13:00:05"
smithsonianmisce471905smit,"2021-01-09 11:00:29","2021-01-09 13:00:06"
staticdiffusionm00jacc,"2021-01-09 12:00:18","2021-01-09 13:00:06"
illuscatnautopti00negurich,"2021-01-09 12:00:28","2021-01-09 13:00:08"
treatismetinst00negrrich,"2021-01-09 12:00:32","2021-01-09 13:00:08"
physelecinstr00cambrich,"2021-01-09 12:00:39","2021-01-09 13:00:09"
smithsonianmisce551910smith,"2021-01-09 09:00:16","2021-01-09 14:00:03"
smithsonianmisce351897smit,"2021-01-09 10:00:14","2021-01-09 14:00:03"
amerhdbkchemical00benjrich,"2021-01-09 12:00:23","2021-01-09 14:00:04"
smithsoniancontr8011901smit,"2021-01-09 13:00:55","2021-01-09 14:00:05"
ostasiatischedec02bals,"2021-01-09 13:01:03","2021-01-09 14:00:06"
amhdbkchemphys00benjrich,"2021-01-09 13:00:33","2021-01-09 15:00:05"
abbregeydephysi00codr,"2021-01-09 13:00:41","2021-01-09 19:00:03"
annualreportofbo1936smit,"2021-01-06 22:00:51","2021-01-12 15:48:24"
1988festivalofam00fest,"2021-01-13 15:44:57","2021-01-13 16:28:11"
39thannualsmiths00smit,"2021-01-13 15:45:06","2021-01-13 16:28:12"
1991festivalofam00fest,"2021-01-13 15:45:15","2021-01-13 16:28:12"
1992festivalofam00fest,"2021-01-13 15:45:22","2021-01-13 16:28:13"
1987festivalofam00fest,"2021-01-13 15:45:30","2021-01-13 16:28:14"
1995festivalofam00fest,"2021-01-13 15:45:37","2021-01-13 16:28:15"
festivalofameric00fest,"2021-01-13 15:45:44","2021-01-13 16:28:15"
37thannualsmiths00smit,"2021-01-13 15:45:49","2021-01-13 16:28:16"
1989festivalofam00fest,"2021-01-13 15:45:55","2021-01-13 16:28:17"
1986festivalofam00fest,"2021-01-13 16:28:23","2021-01-14 12:16:37"
runningfencedraf00envi,"2021-01-13 16:28:28","2021-01-14 12:16:38"
silkroadconnecti00smit,"2021-01-13 16:28:34","2021-01-14 12:16:39"
1990festivalofam00fest,"2021-01-13 16:28:40","2021-01-14 12:16:39"
smithsonianfolkl00smit,"2021-01-13 16:28:46","2021-01-14 12:16:40"
festivalofameric00fe,"2021-01-13 16:28:53","2021-01-14 12:16:41"
1984festivalofam00fest,"2021-01-13 16:29:00","2021-01-14 12:16:42"
smtihsonianfolkl00smi,"2021-01-13 16:29:07","2021-01-14 12:16:43"
festivalofameric00festival,"2021-01-13 16:29:12","2021-01-14 12:16:44"
40thannualsmiths00smit,"2021-01-14 12:16:56","2021-01-14 14:43:04"
2008smithsonianf00smit,"2021-01-14 12:17:04","2021-01-14 14:43:05"
2007smithsonianf00smit,"2021-01-14 12:17:11","2021-01-14 14:43:06"
1998smithsonianf00smit,"2021-01-14 12:17:19","2021-01-14 14:43:06"
1978festivalofam00fest,"2021-01-14 12:17:30","2021-01-14 14:43:07"
galleryartmagazi132022199719991999gall,"2021-01-14 12:17:45","2021-01-14 14:43:08"
galleryartmagazi252000gall,"2021-01-14 12:17:55","2021-01-14 14:43:09"
galleryartmagazi242000gall,"2021-01-14 12:18:08","2021-01-14 14:43:10"
galleryartmagazi232000gall,"2021-01-14 12:18:17","2021-01-14 14:43:10"
galleryartmagazi211999gall,"2021-01-14 12:18:29","2021-01-14 14:43:11"
galleryartmagazi157121994199519961997gall,"2021-01-14 14:43:19","2021-01-15 15:55:38"
galleryartmagazi61995gall,"2021-01-14 14:43:24","2021-01-15 15:55:39"
galleryartmagazi312002gall,"2021-01-14 14:43:30","2021-01-15 15:55:40"
galleryartmagazi3020012002gall,"2021-01-14 14:43:35","2021-01-15 15:55:41"
galleryartmagazi292001gall,"2021-01-14 14:43:41","2021-01-15 15:55:41"
galleryartmagazi282001gall,"2021-01-14 14:43:52","2021-01-15 15:55:42"
galleryartmagazi272001gall,"2021-01-14 14:44:04","2021-01-15 15:55:43"
galleryartmagazi262000gall,"2021-01-14 14:44:09","2021-01-15 15:55:45"
pocketcompaniono00gent,"2021-01-14 14:44:16","2021-01-15 15:55:46"
1973festivalofam1973fest,"2021-01-15 15:55:54","2021-01-21 13:24:19"
1971festivalofam00fest,"2021-01-15 15:56:03","2021-01-21 13:24:21"
festivalofameric1977fest,"2021-01-15 15:56:10","2021-01-21 13:24:22"
1972festivalofam00fest,"2021-01-15 15:56:18","2021-01-21 13:24:23"
festivalofameric1981fest,"2021-01-15 15:56:23","2021-01-21 13:24:24"
festivalofameric19852fest,"2021-01-15 15:56:29","2021-01-21 13:24:25"
1983festivalofam00fest,"2021-01-15 15:56:43","2021-01-21 13:24:25"
1969festivalofam00fest,"2021-01-15 15:56:50","2021-01-21 13:24:26"
1970festivalofam00fest,"2021-01-15 15:56:58","2021-01-21 13:24:27"
35thannualsmiths00smit,"2021-01-15 15:57:06","2021-01-21 13:24:29"
34thannualsmiths00smit,"2021-01-21 13:24:46","2021-01-21 17:24:02"
1993festivalofam00fest,"2021-01-21 13:25:09","2021-01-21 17:24:02"
katechismusderde00lenz,"2021-01-21 13:25:33","2021-01-21 17:24:03"
reseahistric00duro,"2021-01-21 13:25:46","2021-01-21 17:24:04"
letimbrepostefra00brun,"2021-01-21 13:26:02","2021-01-21 17:24:05"
lestimbresdebelg00moen,"2021-01-21 13:26:20","2021-01-21 17:24:06"
lestimbresdemaur00moen,"2021-01-21 13:26:38","2021-01-21 17:24:06"
literaturaphilat00theb,"2021-01-21 13:26:49","2021-01-21 17:24:07"
timbresdestats00moen,"2021-01-21 13:26:56","2021-01-21 17:24:08"
lestimbresposter00moen,"2021-01-21 13:27:22","2021-01-21 17:24:09"
handbuchfrdenr00pohl,"2021-01-21 17:24:19","2021-01-22 10:25:30"
lestimbrespostes00mira,"2021-01-21 17:24:29","2021-01-22 10:25:31"
lestimbresderuss00moen,"2021-01-21 17:24:43","2021-01-22 10:25:32"
geschichteundkat00sten,"2021-01-21 17:24:55","2021-01-22 10:25:33"
timbresdesduch00moen,"2021-01-21 17:25:04","2021-01-22 10:25:34"
lestimbresdelemi00brun,"2021-01-21 17:25:12","2021-01-22 10:25:34"
lestimbresdegamb00melv,"2021-01-21 17:25:24","2021-01-22 10:25:35"
histoiredelapost00roth,"2021-01-21 17:25:36","2021-01-22 10:25:36"
handbuchderpostf00kr,"2021-01-21 17:25:43","2021-01-22 10:25:37"
diepostwertzeich00frie,"2021-01-21 17:25:52","2021-01-22 10:25:37"
dieentstehungund00supp,"2021-01-22 10:25:50","2021-01-25 09:40:28"
moreessaysforuni00maso,"2021-01-22 10:26:04","2021-01-25 09:40:29"
unitedstatespriv00post,"2021-01-22 10:26:15","2021-01-25 09:40:29"
storyofpostoffic00jone,"2021-01-22 10:26:30","2021-01-25 09:40:30"
romanceofbritish00bowi,"2021-01-22 10:26:46","2021-01-25 09:40:31"
ideadelafilateli00carr,"2021-01-22 10:27:02","2021-01-25 09:40:32"
lestimbresposter00kopr,"2021-01-22 10:27:15","2021-01-25 09:40:33"
handbuchfrpost00mosch,"2021-01-22 10:27:23","2021-01-25 09:40:34"
notessurlmissi00herm,"2021-01-22 10:27:41","2021-01-25 09:40:34"
cataloguedestimb00drio,"2021-01-22 10:27:50","2021-01-25 09:40:36"
dievarietiesofne00bert,"2021-01-25 09:40:44","2021-01-25 12:00:03"
handbuchderdeuts00berc,"2021-01-25 09:40:53","2021-01-25 12:00:04"
probedruckemarke00kohl,"2021-01-25 09:41:07","2021-01-25 12:00:05"
lespostessuisses00swit,"2021-01-25 09:41:14","2021-01-25 12:00:06"
noticesurlorigin00roth,"2021-01-25 09:41:21","2021-01-25 12:00:07"
geschichteundkat00bung,"2021-01-25 09:41:27","2021-01-25 12:00:08"
bogeneinteilungu00sten,"2021-01-25 09:41:35","2021-01-25 12:00:08"
laposteunpenny00roth,"2021-01-25 09:41:42","2021-01-25 12:00:09"
philatelicallibr00tiff,"2021-01-25 09:41:52","2021-01-25 12:00:10"
diepostwertzeich00friedem,"2021-01-25 09:41:00","2021-01-25 14:00:03"
geschichtedespen00fink,"2021-01-25 12:00:23","2021-01-25 14:00:03"
songsofdaysongso00stan,"2021-01-25 12:00:39","2021-01-25 14:00:05"
minstrelshoworbu00marb,"2021-01-25 12:00:49","2021-01-25 14:00:05"
religiousfolkson00odum,"2021-01-25 12:00:56","2021-01-25 14:00:06"
1994festivalofam1994fest,"2021-01-25 12:01:04","2021-01-25 14:00:07"
cabinplantations00fenn,"2021-01-25 12:00:32","2021-01-25 15:00:04"
aeronautics12aero,"2021-01-25 12:01:13","2021-01-25 16:00:04"
aeronautics34aero,"2021-01-25 12:01:19","2021-01-25 16:00:04"
bibliographicnot61savi,"2021-01-25 14:01:12","2021-01-25 16:00:07"
iroquoisantlerfi25skin,"2021-01-25 15:00:17","2021-01-25 17:00:06"
aeronautics56aero,"2021-01-25 12:01:29","2021-01-25 18:00:02"
aeronautics910aero,"2021-01-25 14:00:31","2021-01-25 18:00:04"
aeronautics1112aero,"2021-01-25 14:00:40","2021-01-25 18:00:04"
aeronautics1314aero,"2021-01-25 14:00:52","2021-01-25 18:00:05"
aeronautics1517aero,"2021-01-25 14:01:03","2021-01-25 18:00:06"
mahicanwoodencup52heye,"2021-01-25 16:00:20","2021-01-25 18:00:07"
antiquetobaccopo24skin,"2021-01-25 16:00:29","2021-01-25 18:00:09"
discoveryofgoldi62loth,"2021-01-25 16:00:44","2021-01-25 18:00:10"
santodomingokitc12booy,"2021-01-25 17:00:20","2021-01-25 19:00:03"
hawikuhbonework33hodg,"2021-01-25 18:00:27","2021-01-25 20:00:05"
ageofzunipuebloo32hodg,"2021-01-25 18:00:35","2021-01-25 20:00:06"
notesonbribriofc63skin,"2021-01-25 18:00:48","2021-01-25 20:00:07"
certainaborigina71heye,"2021-01-25 18:00:56","2021-01-25 20:00:08"
bibliographyoffr31hodg,"2021-01-25 18:01:09","2021-01-25 20:00:09"
petroglyphsofgre13huck,"2021-01-25 18:01:19","2021-01-25 20:00:09"
reportsonmayaind93savi,"2021-01-25 18:01:33","2021-01-25 20:00:10"
earlycremationce73davi,"2021-01-25 18:01:41","2021-01-25 20:00:11"
aeronautics78aero,"2021-01-25 14:00:23","2021-01-25 22:00:03"
certainartifacts74heye,"2021-01-25 19:00:17","2021-01-25 22:00:04"
marvelbookofamer00jack,"2021-01-25 20:00:41","2021-01-25 23:00:04"
photographsofhmv00grea,"2021-01-25 20:00:48","2021-01-25 23:00:04"
concreteshipspos00port,"2021-01-25 20:00:58","2021-01-25 23:00:05"
shipsseasongssha00whal,"2021-01-25 20:01:13","2021-01-25 23:00:06"
britishfleetgrow00robi,"2021-01-25 20:01:04","2021-01-26 00:00:04"
larophile16besa,"2021-01-25 20:00:27","2021-01-26 03:00:03"
larophile17besa,"2021-01-25 20:00:20","2021-01-26 04:00:02"
larophile18besa,"2021-01-25 20:00:34","2021-01-26 04:00:03"
northernbarragem00annapol,"2021-01-25 22:00:14","2021-01-26 10:00:05"
foreaftcraftthei00chatter,"2021-01-25 22:00:20","2021-01-26 11:00:03"
historyofnewyork00morr,"2021-01-25 23:00:29","2021-01-26 12:00:03"
qshipstheirstory00chatter,"2021-01-25 23:00:19","2021-01-26 13:00:03"
modernshipsofwar00reed,"2021-01-25 23:00:41","2021-01-26 15:00:04"
aircraft119101911newy,"2021-01-25 23:00:50","2021-01-26 15:00:04"
aircraft319121913newy,"2021-01-26 00:00:16","2021-01-26 16:00:04"
companiontomanua00lain,"2021-01-26 04:00:14","2021-01-26 16:00:07"
aircraft519141915newy,"2021-01-26 03:00:18","2021-01-26 17:00:03"
sailingboattreat00folk,"2021-01-26 04:00:22","2021-01-26 17:00:05"
oldtimeshipsofsa00esse,"2021-01-26 10:00:16","2021-01-26 19:00:05"
howwoodenshipsar00este,"2021-01-26 11:00:16","2021-01-26 20:00:06"
decoratorsassist02lond,"2021-01-26 12:00:15","2021-01-26 22:00:03"
decoratorsassist01lond,"2021-01-26 13:00:18","2021-01-26 22:00:04"
aircraft419131914newy,"2021-01-26 15:00:21","2021-01-27 01:00:03"
aircraft219111912newy,"2021-01-26 15:00:39","2021-01-27 01:00:06"
larophile06besa,"2021-01-26 16:00:18","2021-01-27 01:00:20"
larophile07besa,"2021-01-26 17:00:20","2021-01-27 03:00:02"
permanenteshandb00kr,"2021-01-26 17:00:30","2021-01-27 03:00:03"
decoratorsassist35lond,"2021-01-26 16:00:34","2021-01-27 07:00:05"
larophile08besa,"2021-01-26 19:00:28","2021-01-27 08:00:06"
larophile10besa,"2021-01-26 22:00:16","2021-01-27 11:00:04"
larophile09besa,"2021-01-26 20:00:22","2021-01-27 11:00:08"
larophile13besa,"2021-01-26 22:00:24","2021-01-27 12:00:02"
festivalofameric00festi,"2021-01-27 01:00:40","2021-01-27 16:00:04"
fredericedwinchu00nati,"2021-01-27 01:01:00","2021-01-27 16:00:05"
vierteljahrsnach00kr,"2021-01-27 01:00:53","2021-01-27 17:00:05"
larophile15besa,"2021-01-27 01:00:32","2021-01-27 18:00:04"
catalogueofetchi00coop,"2021-01-27 03:00:14","2021-01-27 18:00:05"
catalogueofengra00coop,"2021-01-27 05:00:13","2021-01-27 21:00:03"
ceramicsbypicass00pica,"2021-01-27 08:00:15","2021-01-28 20:00:05"
wondersofthreadg00coop,"2021-01-27 08:00:25","2021-01-28 20:00:06"
checklistofprint00coop,"2021-01-27 11:00:21","2021-01-28 22:00:05"
summarycatalogue00cooperu,"2021-01-27 12:00:18","2021-01-28 23:00:03"
summarycatalogue01coop,"2021-01-27 16:00:15","2021-01-29 10:00:03"
decorativeartsfe00coop,"2021-01-27 16:00:26","2021-01-29 10:00:04"
summarycatalogue00coop,"2021-01-27 17:00:13","2021-01-29 11:00:03"
logicmagicofcolo00coop,"2021-01-27 18:00:24","2021-01-29 11:00:05"
ceramics195662nd00newy,"2021-01-27 18:00:31","2021-01-29 11:00:05"
newyorksocietyof00coop,"2021-01-27 21:00:24","2021-01-29 13:00:06"
craftsmenpreview00arti,"2021-01-28 20:00:34","2021-01-30 16:00:04"
studiosworkshops00coop,"2021-01-28 20:00:42","2021-01-30 16:00:05"
chronicleofmuseu02coop,"2021-01-28 22:00:19","2021-01-30 21:00:09"
briefintroductio00coop,"2021-01-28 23:00:20","2021-01-30 21:00:11"
fourcontinentsfr00coop,"2021-01-29 10:00:18","2021-01-31 06:00:05"
architectseye00coop,"2021-01-29 10:00:30","2021-01-31 07:00:04"
ninelivesanexhib00coop,"2021-01-29 11:00:22","2021-01-31 07:00:04"
methodstyleinres00coop,"2021-01-29 11:00:29","2021-01-31 07:00:05"
catalogueofcolle00coop,"2021-01-29 13:00:18","2021-01-31 08:00:07"
chronicleofmuseu01coop,"2021-01-29 11:00:36","2021-01-31 09:00:03"
planegeometryfan00coop,"2021-01-30 16:00:16","2021-02-01 09:00:03"
fivecenturiesofd00coop,"2021-01-30 16:00:22","2021-02-01 09:00:04"
italiandrawingsf00coop,"2021-01-30 21:00:29","2021-02-01 14:00:02"
shellsdecoration00coop,"2021-01-30 21:00:36","2021-02-01 14:00:03"
withhammertongsm00coop,"2021-01-31 06:00:20","2021-02-01 22:00:05"
stitchesintimeex00coop,"2021-01-31 07:00:17","2021-02-01 23:00:05"
2500farttechniqu00coop,"2021-01-31 07:00:26","2021-02-01 23:00:06"
wallpaperpicture00coop,"2021-01-31 07:00:33","2021-02-01 23:00:06"
designbyyardtext00coop,"2021-01-31 08:00:20","2021-02-02 01:00:04"
nineteenthcentur00coop,"2021-01-31 09:00:19","2021-02-02 02:00:03"
enamelhistoricsu00coop,"2021-02-01 09:00:24","2021-02-03 14:00:06"
allthatglisterst00coop,"2021-02-01 09:00:35","2021-02-03 14:00:07"
alteregomasksthe00coop,"2021-02-01 14:00:43","2021-02-03 17:00:03"
leatherindecorat00coop,"2021-02-01 14:00:31","2021-02-03 18:00:03"
conspicuouswaist00coop,"2021-02-01 22:00:15","2021-02-04 08:00:03"
princeregentssty00coop,"2021-02-01 23:00:20","2021-02-04 10:00:03"
santosfrompuerto00coop,"2021-02-01 23:00:28","2021-02-04 10:00:04"
ancientmexicoinm00coop,"2021-02-01 23:00:41","2021-02-04 10:00:05"
zoopartyproduced00coop,"2021-02-02 01:00:14","2021-02-04 12:00:03"
decoratedbookpap00coop,"2021-02-02 02:00:14","2021-02-04 12:00:05"
williamstanleyha00hase,"2021-02-03 14:00:18","2021-02-05 16:00:03"
treasuresfromcoo00nati,"2021-02-03 14:00:25","2021-02-05 16:00:04"
fritzkredelwoodc00kred,"2021-02-03 17:00:20","2021-02-05 17:00:03"
illustratedsurve00coop,"2021-02-03 18:00:16","2021-02-05 18:00:05"
designingermanyt00smit,"2021-02-04 08:00:18","2021-02-06 00:00:02"
nationalmuseumof00smit,"2021-02-04 10:00:34","2021-02-06 01:00:03"
threadsofhistory00amer,"2021-02-04 10:00:19","2021-02-06 02:00:05"
creativecraftind00sels,"2021-02-04 10:00:27","2021-02-06 02:00:06"
morecraftsmanhom00stic,"2021-02-04 12:00:34","2021-02-06 03:00:03"
electricalindust00worl,"2021-02-04 12:00:27","2021-02-06 05:00:03"
bookofamericasma00amer,"2021-02-05 16:00:17","2021-02-06 16:00:04"
olddutchpotteryt00neur,"2021-02-05 16:00:30","2021-02-06 17:00:02"
concretestuccoho00heringo,"2021-02-05 17:00:18","2021-02-06 17:00:03"
colonialhomesthe00nort,"2021-02-05 18:00:21","2021-02-06 17:00:04"
natureinornament00daylewi,"2021-02-06 00:00:14","2021-02-06 20:00:06"
japaneseswordits00coop,"2021-02-06 01:00:13","2021-02-06 20:00:07"
greenleafcollect00coop,"2021-02-06 02:00:17","2021-02-06 22:00:03"
smallwonderspupp00coop,"2021-02-06 02:00:24","2021-02-06 22:00:03"
cooperunionmuseu00coop,"2021-02-06 03:00:15","2021-02-06 23:00:02"
westerneuropeane00coop,"2021-02-06 05:00:11","2021-02-07 03:00:03"
keyslocksincolle00coop,"2021-02-06 16:00:16","2021-02-07 06:00:05"
wallpaperincolle00coop,"2021-02-06 17:00:26","2021-02-07 07:00:04"
bandboxesshoppin00coop,"2021-02-06 17:00:37","2021-02-07 07:00:05"
stitchguidestudy00coop,"2021-02-06 17:00:46","2021-02-07 07:00:06"
buttonsincollect00coop,"2021-02-06 20:00:18","2021-02-07 08:00:05"
columnsincollect00coop,"2021-02-06 20:00:25","2021-02-07 08:00:06"
fashionplatesinc00coop,"2021-02-06 22:00:15","2021-02-07 09:00:12"
architecturaldra00coop,"2021-02-06 22:00:22","2021-02-07 09:00:18"
nineteenthcentur00cooper,"2021-02-06 23:00:14","2021-02-07 10:00:04"
tilesincollectio00mcfa,"2021-02-07 03:00:19","2021-02-07 12:00:05"
matchsafesincoll00coop,"2021-02-07 06:00:21","2021-02-07 13:00:04"
japanesewoodbloc00coop,"2021-02-07 07:00:21","2021-02-07 14:00:05"
printedtextiles100coop,"2021-02-07 07:00:26","2021-02-07 14:00:06"
theaterdesignsin00coop,"2021-02-07 07:00:33","2021-02-07 14:00:07"
foldingfansincol00coop,"2021-02-07 08:00:17","2021-02-07 14:00:08"
timelesssourcesr00coop,"2021-02-07 08:00:36","2021-02-07 15:00:04"
urwalddokumentev00mans,"2021-02-07 09:00:28","2021-02-07 16:00:03"
derkamerunerschi00frob,"2021-02-07 09:00:37","2021-02-07 16:00:04"
traverslefoutadi00noir,"2021-02-07 10:00:17","2021-02-07 17:00:03"
accountofnativea01wint,"2021-02-07 12:00:20","2021-02-07 18:00:06"
accountofnativea02wint,"2021-02-07 13:00:24","2021-02-07 18:00:07"
whitemansgravevi01rank,"2021-02-07 14:00:19","2021-02-07 18:00:08"
whitemansgravevi02rank,"2021-02-07 14:00:26","2021-02-07 18:00:09"
glassincollectio00coop,"2021-02-07 14:00:36","2021-02-07 18:00:10"
embroideredsampl00coop,"2021-02-07 14:00:46","2021-02-07 18:00:11"
silverincollecti00coop,"2021-02-07 15:00:18","2021-02-07 18:00:11"
furnitureincolle00coop,"2021-02-07 16:00:15","2021-02-07 19:00:03"
tsubajapaneseswo00coop,"2021-02-07 16:00:23","2021-02-07 19:00:04"
potteryincollect00coop,"2021-02-07 18:00:51","2021-02-07 20:00:04"
housefurnishingd00whit,"2021-02-07 18:00:20","2021-02-07 21:00:02"
diesprachwissens00kaus,"2021-02-07 18:00:34","2021-02-07 21:00:03"
shipbuildingfrom01konijne,"2021-02-07 18:00:44","2021-02-07 21:00:04"
oldglasshowtocol00lewi,"2021-02-07 18:00:57","2021-02-07 21:00:05"
lonardlimosine00lave,"2021-02-07 18:01:01","2021-02-07 21:00:06"
vitrauxdebourges00cl,"2021-02-07 19:00:28","2021-02-07 22:00:06"
gloriousglassats00rijk,"2021-02-07 20:00:23","2021-02-07 22:00:07"
larmeenfrancee00pica,"2021-02-07 18:00:25","2021-02-07 23:00:03"
lectureonstained00bell,"2021-02-07 21:00:23","2021-02-07 23:00:05"
loanexhibitionof00mcmi,"2021-02-07 21:00:35","2021-02-07 23:00:06"
fifteenthcentury00meyr,"2021-02-07 21:00:41","2021-02-07 23:00:08"
ivoryelephantina00kunz,"2021-02-07 19:00:20","2021-02-08 00:00:06"
storiedwindows00bush,"2021-02-07 21:00:18","2021-02-08 00:00:07"
histoiredelaverr00garn,"2021-02-07 21:00:28","2021-02-08 00:00:07"
waringsexhibitio00wari,"2021-02-07 22:00:17","2021-02-08 00:00:09"
oldirishglass00stan,"2021-02-07 22:00:24","2021-02-08 00:00:09"
juliuscahnsoffic101905cahn,"2021-02-07 17:00:27","2021-02-08 01:00:04"
masqueradecarniv00wand,"2021-02-07 23:00:36","2021-02-08 01:00:06"
artsappliquset00sand,"2021-02-07 23:00:14","2021-02-08 02:00:05"
londonmuseum00dart,"2021-02-07 23:00:24","2021-02-08 02:00:06"
illustratedmarth00grie,"2021-02-07 23:00:30","2021-02-08 02:00:06"
wonderland190500whee,"2021-02-08 00:00:17","2021-02-08 02:00:07"
artstationeryusa00carr,"2021-02-08 00:00:38","2021-02-08 02:00:09"
lacomdiedenotr00bert,"2021-02-08 00:00:33","2021-02-08 03:00:05"
lamodependantqua00cola,"2021-02-08 01:00:23","2021-02-08 03:00:06"
dasbhnenkost00boeh,"2021-02-08 00:00:45","2021-02-08 04:00:03"
diningroomitsapp00lond,"2021-02-08 01:00:16","2021-02-08 04:00:05"
dietchtigehaus02stei,"2021-02-08 00:00:25","2021-02-08 06:00:03"
storyofcotton00turn,"2021-02-08 02:00:17","2021-02-08 07:00:16"
lombrellelegantl00uzan,"2021-02-08 02:00:40","2021-02-08 07:00:33"
lecostumehistori03raci,"2021-02-08 02:00:46","2021-02-08 07:00:37"
levoyagedepuisle00vuit,"2021-02-08 02:00:31","2021-02-08 08:00:04"
mordvalaistenpuk00heik,"2021-02-08 02:00:24","2021-02-08 09:00:06"
lecostumehistori02raci,"2021-02-08 03:00:16","2021-02-08 10:00:03"
lecostumehistori01raci,"2021-02-08 03:00:26","2021-02-08 10:00:03"
lecostumehistori06raci,"2021-02-08 04:00:15","2022-05-17 12:01:18"
lecostumehistori05raci,"2021-02-08 04:00:20","2022-05-17 12:01:19"
leslgancesde00gran,"2021-02-08 06:00:13","2022-05-17 12:01:20"
gardeninvenice00eden,"2021-02-08 07:00:43","2022-05-17 12:01:22"
inmemoriamofpete00pupi,"2021-02-08 07:00:54","2022-05-17 12:01:23"
lelivredescollec00maze,"2021-02-08 07:01:00","2022-05-17 12:01:24"
illustratedcatal00burl,"2021-02-08 08:00:19","2022-05-17 12:01:25"
handbuchderglasm00fisc,"2021-02-08 09:00:14","2022-05-17 12:01:26"
geschichtedeskos01rose,"2021-02-08 10:00:22","2022-05-17 12:01:28"
geschichtedeskos02rose,"2021-02-08 10:00:27","2022-05-17 12:01:29"
stainedglass00mill,"2022-05-17 12:01:38","2022-05-17 12:22:57"
